"number","title"
"","File:TV_Allgäu_Nachrichten_Logo.svg"
"","File:CNN_en_Español.svg"
"","File:Rode_Morgen.svg"
"","File:Transparent_google_logo.png"
"","File:S-train_service_F.svg"
"","File:CSEM_logo.png"
"","File:Wolfenstein_logo.svg"
"","File:NTL_Radomsko.png"
"","File:Banderas_de_la_línea_28_(SemiRAPIDO_y_RAPIDO).png"
"","File:EdmontonEXPO2017.jpg"
"","File:Pink_Panther_logo-fr.jpg"
"","File:Saartvlogo_.jpg"
"","File:Merrychef.png"
"","File:Colonization-Logo_v2.svg"
"","File:Gmail_Icon.svg"
"","File:Gadget_Flow_Logo.jpg"
"","File:Sofserve.jpg"
"","File:Europa_Jazz.jpg"
"","File:Son_of_the_Bronx_site_header.svg"
"","File:NATO_OTAN_portrait_logo.svg"
"","File:UPC_Austria_logo.svg"
"","File:Logo_Hertie_2007.svg"
"","File:Ennovasys_logo.jpg"
"","File:Nelonen_Hero.png"
"","File:Gorzelniaski_neu.svg"
"","File:Microsoft_Office_2013_logo_and_wordmark.svg"
"","File:Claas_Logo.svg"
"","File:CTVglobemedia.svg"
"","File:New_Zealand_RG-2_(100_kmh).svg"
"","File:Hengelermueller-logo.gif"
"","File:Super_TV_1st_English_title.gif"
"","File:I_love_KR.png"
"","File:Will_and_grace_logo.png"
"","File:Jenoptik-Logo.svg"
"","File:Rbbberlinlogo.jpg"
"","File:Anova_Culinary_logo.png"
"","File:Wordpress-logo-hoz-rgb.png"
"","File:Equitiselogo.png"
"","File:UT_Logo_Black_NL_lustrum.png"
"","File:Amazon_Books_logo.png"
"","File:Doramaxresdefault.png"
"","File:Ajegroup.PNG"
"","File:Montreal_Maroons_Logo.svg"
"","File:Comic_MILF_magazine.png"
"","File:LogoBelieveDigital.jpg"
"","File:Selbstlogo.png"
"","File:ParacatuFC.png"
"","File:Mindtouch_deki_logo.jpg"
"","File:USK18_neu.svg"
"","File:Oechsler_AG_logo.svg"
"","File:Salem_Aleikum_Logo_001.svg"
"","File:SEKEM-Logo.jpg"
"","File:Foose_logo.svg"
"","File:Le_Révolté.jpg"
"","File:NSRY_Logo.svg"
"","File:Pueblo_Unido.png"
"","File:Logo_Codice.jpg"
"","File:Le_matin_sem.jpg"
"","File:Logo_Omicron_electronics.svg"
"","File:Trodat_Logo.svg"
"","File:Abu_Dhabi_Commercial_Bank.svg"
"","File:Emblem_of_Toyota,_Aichi.svg"
"","File:Fukuoka_City_Subway_Logo.svg"
"","File:Diskoveri.png"
"","File:Viche_logo.png"
"","File:Das_Pelzgewerbe,_1961,_Nr._1,_Titelblatt.jpg"
"","File:Lektora_logo.svg"
"","File:Indiana_205.svg"
"","File:C.A..png"
"","File:Shimadzu.jpg"
"","File:Marekold3.png"
"","File:NetrootsNation.gif"
"","File:Schule-logo.JPG"
"","File:TrueEX.png"
"","File:Adobe_Fireworks_CS3_icon.png"
"","File:Lovefilm.png"
"","File:Harrah's_Las_Vegas_logo.svg"
"","File:Logo_DRV.jpg"
"","File:Abacho-logo.svg"
"","File:Edblogo.png"
"","File:Gag-ludwigshafen.svg"
"","File:ReiseBank-Logo.svg"
"","File:Davdson_Wildcats_wordmark.svg"
"","File:Record_News.svg"
"","File:Interlogo_winter.png"
"","File:Nuclear_Fuel_Services_logo.svg"
"","File:Grêmio_Esportivo_Brasiliense.png"
"","File:Bairalogo.jpg"
"","File:INDOSIAR_Logo.png"
"","File:CAREC_central_asian_regional_cooperation.jpeg"
"","File:ArmA_3_Logo_(Black_Transparent).png"
"","File:BMG_official_logo.jpg"
"","File:BHCompanyLogoHorizontal.jpg"
"","File:Ecourier_logo.jpg"
"","File:Mirtesen-logo.png"
"","File:Alaska_Air_Group_logo.jpg"
"","File:Pinglogo.gif"
"","File:LG_logo_(2015).svg"
"","File:Donautv.GIF"
"","File:Melancholia.svg"
"","File:MercadoLibre_logo.PNG"
"","File:Buchanan_2000.png"
"","File:KeiserUniversity.jpg"
"","File:Logo_der_Bayer_AG.svg"
"","File:Logo_der_EH_Freiburg.jpg"
"","File:Adv08_Citigold_01.png"
"","File:Tokai_Carbon_Logo.png"
"","File:Logo_IZNEO.jpg"
"","File:Deutsche_Tolkien_Gesellschaft_e.V.jpg"
"","File:Lincoln_logo.svg"
"","File:LogoSlovo.png"
"","File:Rai_Italia_2013.svg"
"","File:Bobby_Valentino_-_Come_with_Me.jpg"
"","File:Maschio.svg"
"","File:Hermes_Schleifmittel_Logo.svg"
"","File:OpenBSD_textual_logo.svg"
"","File:Det_Radikale_Venstre_logo.svg"
"","File:HomeSense_Logo.svg"
"","File:Shwood_Eyewear_Logo.jpg"
"","File:Live_through_this_logo.png"
"","File:Blitzen-Markenlogo.png"
"","File:Logo-mcm-pop_2011.jpg"
"","File:TAM9_microphones.jpg"
"","File:Logo_of_DiziSmart_Premium_HD.png"
"","File:Cooper_Wheelock_logo.svg"
"","File:ProSieben_Austria_News_Logo.jpg"
